mame,astdelux,AsteroidsDeluxe,astdlxe.jpg
mame,centiped,Centipede,centipede.jpg
mame,defender,Defender,defender.jpg
mame,digdug,DigDug,digdug.jpg
mame,dkong,DonkeyKong,donkong.jpg
mame,frogger,Frogger,frogger.jpg
mame,galaga,Galaga,galaga.jpg
mame,missile,Missile Command,missileCommand.jpg
mame,milliped,Millipede,millipede.jpg
mame,mk,MortalKombat,mortalkombat.jpg
mame,mspacman,Ms.PacMan,mspacman.jpg
mame,pacman,PacMan,pacman.jpg
mame,pitfall2,Pitfall2,pitfall2.jpg
mame,phoenix,Phoenix,phoenix.jpg
mame,invaders,SpaceInvaders,spaceinvaders.jpg
mame,tekken3,Tekken3,tekken3.jpg
mame,zaxxon,Zaxxon,zaxxon.jpg
